Condition_1,Condition_2,n1,n2,U,p_raw,p_bonferroni,significant
HH,HL,98,98,4728.5,0.8541338298249015,1.0,False
HH,LH,98,98,5126.5,0.4145128278831781,1.0,False
HH,LL,98,98,6004.0,0.0024788469862233996,0.014873081917340398,True
HL,LH,98,98,5193.5,0.3247653644179478,1.0,False
HL,LL,98,98,5990.5,0.0027723555624677527,0.016634133374806515,True
LH,LL,98,98,5712.5,0.021918055030485918,0.13150833018291552,False
